no_rumah,blok,x,y
1,Kelabu,0,0
2,Merah,20,0
3,Kelabu,40,0
4,Merah,60,0
5,Kelabu,80,0
6,Merah,100,0
7,Kelabu,120,0
8,Merah,140,0
9,Kelabu,160,0
10,Merah,180,0
11,Kelabu,200,0
12,Merah,220,0
13,Kelabu,240,0
14,Merah,260,0
15,Kelabu,280,0
16,Merah,300,0
17,Kelabu,320,0
18,Merah,340,0
19,Kelabu,360,0
20,Merah,380,0
21,Kelabu,400,0
22,Merah,420,0
23,Kelabu,440,0
24,Merah,460,0
25,Kelabu,480,0
26,Merah,500,0
27,Kelabu,520,0
28,Merah,540,0
29,Kelabu,560,0
30,Merah,580,0
31,Kelabu,600,0
32,Merah,620,0
33,Kelabu,640,0
34,Merah,660,0
35,Kelabu,680,0
36,Merah,700,0
37,Kelabu,720,0
38,Merah,740,0
39,Kelabu,760,0
40,Merah,780,0
41,Kelabu,800,0
42,Merah,820,0
43,Kelabu,840,0
44,Merah,860,0
45,Kelabu,880,0
46,Merah,900,0
47,Kelabu,920,0
48,Merah,940,0
49,Kelabu,960,0
50,Merah,980,0
51,Kelabu,0,30
52,Merah,20,30
53,Kelabu,40,30
54,Merah,60,30
55,Kelabu,80,30
56,Merah,100,30
57,Kelabu,120,30
58,Merah,140,30
59,Kelabu,160,30
60,Merah,180,30
61,Kelabu,200,30
62,Merah,220,30
63,Kelabu,240,30
64,Merah,260,30
65,Kelabu,280,30
66,Merah,300,30
67,Kelabu,320,30
68,Merah,340,30
69,Kelabu,360,30
70,Merah,380,30
71,Kelabu,400,30
72,Merah,420,30
73,Kelabu,440,30
74,Merah,460,30
75,Kelabu,480,30
76,Merah,500,30
77,Kelabu,520,30
78,Merah,540,30
79,Kelabu,560,30
80,Merah,580,30
81,Kelabu,600,30
82,Merah,620,30
83,Kelabu,640,30
84,Merah,660,30
85,Kelabu,680,30
86,Merah,700,30
87,Kelabu,720,30
88,Merah,740,30
89,Kelabu,760,30
90,Merah,780,30
91,Kelabu,800,30
92,Merah,820,30
93,Kelabu,840,30
94,Merah,860,30
95,Kelabu,880,30
96,Merah,900,30
97,Kelabu,920,30
98,Merah,940,30
99,Kelabu,960,30
100,Merah,980,30
101,Kelabu,0,60
102,Merah,20,60
103,Kelabu,40,60
104,Merah,60,60
105,Kelabu,80,60
106,Merah,100,60
107,Kelabu,120,60
108,Merah,140,60
109,Kelabu,160,60
110,Merah,180,60
111,Kelabu,200,60
112,Merah,220,60
113,Kelabu,240,60
114,Merah,260,60
115,Kelabu,280,60
116,Merah,300,60
117,Kelabu,320,60
118,Merah,340,60
119,Kelabu,360,60
120,Merah,380,60
121,Kelabu,400,60
122,Merah,420,60
123,Kelabu,440,60
124,Merah,460,60
125,Kelabu,480,60
126,Merah,500,60
127,Kelabu,520,60
128,Merah,540,60
129,Kelabu,560,60
130,Merah,580,60
131,Kelabu,600,60
132,Merah,620,60
133,Kelabu,640,60
134,Merah,660,60
135,Kelabu,680,60
136,Merah,700,60
137,Kelabu,720,60
138,Merah,740,60
139,Kelabu,760,60
140,Merah,780,60
141,Kelabu,800,60
142,Merah,820,60
143,Kelabu,840,60
144,Merah,860,60
145,Kelabu,880,60
146,Merah,900,60
147,Kelabu,920,60
148,Merah,940,60
149,Kelabu,960,60
150,Merah,980,60
151,Kelabu,0,90
152,Merah,20,90
153,Kelabu,40,90
154,Merah,60,90
155,Kelabu,80,90
156,Merah,100,90
157,Kelabu,120,90
158,Merah,140,90
159,Kelabu,160,90
160,Merah,180,90
161,Kelabu,200,90
162,Merah,220,90
163,Kelabu,240,90
164,Merah,260,90
165,Kelabu,280,90
166,Merah,300,90
167,Kelabu,320,90
168,Merah,340,90
169,Kelabu,360,90
170,Merah,380,90
171,Kelabu,400,90
172,Merah,420,90
173,Kelabu,440,90
174,Merah,460,90
175,Kelabu,480,90
176,Merah,500,90
177,Kelabu,520,90
178,Merah,540,90
179,Kelabu,560,90
180,Merah,580,90
181,Kelabu,600,90
182,Merah,620,90
183,Kelabu,640,90
184,Merah,660,90
185,Kelabu,680,90
186,Merah,700,90
187,Kelabu,720,90
188,Merah,740,90
189,Kelabu,760,90
190,Merah,780,90
191,Kelabu,800,90
192,Merah,820,90
193,Kelabu,840,90
194,Merah,860,90
195,Kelabu,880,90
196,Merah,900,90
197,Kelabu,920,90
198,Merah,940,90
199,Kelabu,960,90
200,Merah,980,90
201,Kelabu,0,120
202,Merah,20,120
203,Kelabu,40,120
204,Merah,60,120
205,Kelabu,80,120
206,Merah,100,120
207,Kelabu,120,120
208,Merah,140,120
209,Kelabu,160,120
210,Merah,180,120
211,Kelabu,200,120
212,Merah,220,120
213,Kelabu,240,120
214,Merah,260,120
215,Kelabu,280,120
216,Merah,300,120
217,Kelabu,320,120
218,Merah,340,120
219,Kelabu,360,120
220,Merah,380,120
221,Kelabu,400,120
222,Merah,420,120
223,Kelabu,440,120
224,Merah,460,120
225,Kelabu,480,120
226,Merah,500,120
227,Kelabu,520,120
228,Merah,540,120
229,Kelabu,560,120
230,Merah,580,120
231,Kelabu,600,120
232,Merah,620,120
233,Kelabu,640,120
234,Merah,660,120
235,Kelabu,680,120
236,Merah,700,120
237,Kelabu,720,120
238,Merah,740,120
239,Kelabu,760,120
240,Merah,780,120
241,Kelabu,800,120
242,Merah,820,120
243,Kelabu,840,120
244,Merah,860,120
245,Kelabu,880,120
246,Merah,900,120
247,Kelabu,920,120
248,Merah,940,120
249,Kelabu,960,120
250,Merah,980,120
251,Kelabu,0,150
252,Merah,20,150
253,Kelabu,40,150
254,Merah,60,150
255,Kelabu,80,150
256,Merah,100,150
257,Kelabu,120,150
258,Merah,140,150
259,Kelabu,160,150
260,Merah,180,150
261,Kelabu,200,150
262,Merah,220,150
263,Kelabu,240,150
264,Merah,260,150
265,Kelabu,280,150
266,Merah,300,150
267,Kelabu,320,150
268,Merah,340,150
269,Kelabu,360,150
270,Merah,380,150
271,Kelabu,400,150
272,Merah,420,150
273,Kelabu,440,150
274,Merah,460,150
275,Kelabu,480,150
276,Merah,500,150
277,Kelabu,520,150
278,Merah,540,150
279,Kelabu,560,150
280,Merah,580,150
281,Kelabu,600,150
282,Merah,620,150
283,Kelabu,640,150
284,Merah,660,150
285,Kelabu,680,150
286,Merah,700,150
287,Kelabu,720,150
288,Merah,740,150
289,Kelabu,760,150
290,Merah,780,150
291,Kelabu,800,150
292,Merah,820,150
293,Kelabu,840,150
294,Merah,860,150
295,Kelabu,880,150
296,Merah,900,150
297,Kelabu,920,150
298,Merah,940,150
299,Kelabu,960,150
300,Merah,980,150
301,Kelabu,0,180
302,Merah,20,180
303,Kelabu,40,180
304,Merah,60,180
305,Kelabu,80,180
306,Merah,100,180
307,Kelabu,120,180
308,Merah,140,180
309,Kelabu,160,180
310,Merah,180,180
311,Kelabu,200,180
312,Merah,220,180
313,Kelabu,240,180
314,Merah,260,180
315,Kelabu,280,180
316,Merah,300,180
317,Kelabu,320,180
318,Merah,340,180
319,Kelabu,360,180
320,Merah,380,180
321,Kelabu,400,180
322,Merah,420,180
323,Kelabu,440,180
324,Merah,460,180
325,Kelabu,480,180
326,Merah,500,180
327,Kelabu,520,180
328,Merah,540,180
329,Kelabu,560,180
330,Merah,580,180
331,Kelabu,600,180
332,Merah,620,180
333,Kelabu,640,180
334,Merah,660,180
335,Kelabu,680,180
336,Merah,700,180
337,Kelabu,720,180
338,Merah,740,180
339,Kelabu,760,180
340,Merah,780,180
341,Kelabu,800,180
342,Merah,820,180
343,Kelabu,840,180
344,Merah,860,180
345,Kelabu,880,180
346,Merah,900,180
347,Kelabu,920,180
348,Merah,940,180
349,Kelabu,960,180
350,Merah,980,180
351,Kelabu,0,210
352,Merah,20,210
353,Kelabu,40,210
354,Merah,60,210
355,Kelabu,80,210
356,Merah,100,210
357,Kelabu,120,210
358,Merah,140,210
359,Kelabu,160,210
360,Merah,180,210
361,Kelabu,200,210
362,Merah,220,210
363,Kelabu,240,210
364,Merah,260,210
365,Kelabu,280,210
366,Merah,300,210
367,Kelabu,320,210
368,Merah,340,210
369,Kelabu,360,210
370,Merah,380,210
371,Kelabu,400,210
372,Merah,420,210
373,Kelabu,440,210
374,Merah,460,210
375,Kelabu,480,210
376,Merah,500,210
377,Kelabu,520,210
378,Merah,540,210
379,Kelabu,560,210
380,Merah,580,210
381,Kelabu,600,210
382,Merah,620,210
383,Kelabu,640,210
384,Merah,660,210
385,Kelabu,680,210
386,Merah,700,210
387,Kelabu,720,210
388,Merah,740,210
389,Kelabu,760,210
390,Merah,780,210
391,Kelabu,800,210
392,Merah,820,210
393,Kelabu,840,210
394,Merah,860,210
395,Kelabu,880,210
396,Merah,900,210
397,Kelabu,920,210
398,Merah,940,210
399,Kelabu,960,210
400,Merah,980,210
401,Kelabu,0,240
402,Merah,20,240
403,Kelabu,40,240
404,Merah,60,240
405,Kelabu,80,240
406,Merah,100,240
407,Kelabu,120,240
408,Merah,140,240
409,Kelabu,160,240
410,Merah,180,240
411,Kelabu,200,240
412,Merah,220,240
413,Kelabu,240,240
414,Merah,260,240
415,Kelabu,280,240
416,Merah,300,240
417,Kelabu,320,240
418,Merah,340,240
419,Kelabu,360,240
420,Merah,380,240
421,Kelabu,400,240
422,Merah,420,240
423,Kelabu,440,240
424,Merah,460,240
425,Kelabu,480,240
426,Merah,500,240
427,Kelabu,520,240
428,Merah,540,240
429,Kelabu,560,240
430,Merah,580,240
431,Kelabu,600,240
432,Merah,620,240
433,Kelabu,640,240
434,Merah,660,240
435,Kelabu,680,240
436,Merah,700,240
437,Kelabu,720,240
438,Merah,740,240
439,Kelabu,760,240
440,Merah,780,240
441,Kelabu,800,240
442,Merah,820,240
443,Kelabu,840,240
444,Merah,860,240
445,Kelabu,880,240
446,Merah,900,240
447,Kelabu,920,240
448,Merah,940,240
449,Kelabu,960,240
450,Merah,980,240
451,Kelabu,0,270
452,Merah,20,270
453,Kelabu,40,270
454,Merah,60,270
455,Kelabu,80,270
456,Merah,100,270
457,Kelabu,120,270
458,Merah,140,270
459,Kelabu,160,270
460,Merah,180,270
461,Kelabu,200,270
462,Merah,220,270
463,Kelabu,240,270
464,Merah,260,270
465,Kelabu,280,270
466,Merah,300,270
467,Kelabu,320,270
468,Merah,340,270
469,Kelabu,360,270
470,Merah,380,270
471,Kelabu,400,270
472,Merah,420,270
473,Kelabu,440,270
474,Merah,460,270
475,Kelabu,480,270
476,Merah,500,270
477,Kelabu,520,270
478,Merah,540,270
479,Kelabu,560,270
480,Merah,580,270
481,Kelabu,600,270
482,Merah,620,270
483,Kelabu,640,270
484,Merah,660,270
485,Kelabu,680,270
486,Merah,700,270
487,Kelabu,720,270
488,Merah,740,270
489,Kelabu,760,270
490,Merah,780,270
491,Kelabu,800,270
492,Merah,820,270
493,Kelabu,840,270
494,Merah,860,270
495,Kelabu,880,270
496,Merah,900,270
497,Kelabu,920,270
498,Merah,940,270
499,Kelabu,960,270
500,Merah,980,270
501,Kelabu,0,300
502,Merah,20,300
503,Kelabu,40,300
504,Merah,60,300
505,Kelabu,80,300
506,Merah,100,300
507,Kelabu,120,300
508,Merah,140,300
509,Kelabu,160,300
510,Merah,180,300
511,Kelabu,200,300
512,Merah,220,300
513,Kelabu,240,300
514,Merah,260,300
515,Kelabu,280,300
516,Merah,300,300
517,Kelabu,320,300
518,Merah,340,300
519,Kelabu,360,300
520,Merah,380,300
521,Kelabu,400,300
522,Merah,420,300
523,Kelabu,440,300
524,Merah,460,300
525,Kelabu,480,300
526,Merah,500,300
527,Kelabu,520,300
528,Merah,540,300
529,Kelabu,560,300
530,Merah,580,300
531,Kelabu,600,300
532,Merah,620,300
533,Kelabu,640,300
534,Merah,660,300
535,Kelabu,680,300
536,Merah,700,300
537,Kelabu,720,300
538,Merah,740,300
539,Kelabu,760,300
540,Merah,780,300
541,Kelabu,800,300
542,Merah,820,300
543,Kelabu,840,300
544,Merah,860,300
545,Kelabu,880,300
546,Merah,900,300
547,Kelabu,920,300
548,Merah,940,300
549,Kelabu,960,300
550,Merah,980,300
551,Kelabu,0,330
552,Merah,20,330
553,Kelabu,40,330
554,Merah,60,330
555,Kelabu,80,330
556,Merah,100,330
557,Kelabu,120,330
558,Merah,140,330
559,Kelabu,160,330
560,Merah,180,330
561,Kelabu,200,330
562,Merah,220,330
563,Kelabu,240,330
564,Merah,260,330
565,Kelabu,280,330
566,Merah,300,330
567,Kelabu,320,330
568,Merah,340,330
569,Kelabu,360,330
570,Merah,380,330
571,Kelabu,400,330
572,Merah,420,330
573,Kelabu,440,330
574,Merah,460,330
575,Kelabu,480,330
576,Merah,500,330
577,Kelabu,520,330
578,Merah,540,330
579,Kelabu,560,330
580,Merah,580,330
581,Kelabu,600,330
582,Merah,620,330
583,Kelabu,640,330
584,Merah,660,330
585,Kelabu,680,330
586,Merah,700,330
587,Kelabu,720,330
588,Merah,740,330
589,Kelabu,760,330
590,Merah,780,330
591,Kelabu,800,330
592,Merah,820,330
593,Kelabu,840,330
594,Merah,860,330
595,Kelabu,880,330
596,Merah,900,330
597,Kelabu,920,330
598,Merah,940,330
599,Kelabu,960,330
600,Merah,980,330
601,Kelabu,0,360
602,Merah,20,360
603,Kelabu,40,360
604,Merah,60,360
605,Kelabu,80,360
606,Merah,100,360
607,Kelabu,120,360
608,Merah,140,360
609,Kelabu,160,360
610,Merah,180,360
611,Kelabu,200,360
612,Merah,220,360
613,Kelabu,240,360
614,Merah,260,360
615,Kelabu,280,360
616,Merah,300,360
617,Kelabu,320,360
618,Merah,340,360
619,Kelabu,360,360
620,Merah,380,360
621,Kelabu,400,360
622,Merah,420,360
623,Kelabu,440,360
624,Merah,460,360
625,Kelabu,480,360
626,Merah,500,360
627,Kelabu,520,360
628,Merah,540,360
629,Kelabu,560,360
630,Merah,580,360
631,Kelabu,600,360
632,Merah,620,360
633,Kelabu,640,360
634,Merah,660,360
635,Kelabu,680,360
636,Merah,700,360
637,Kelabu,720,360
638,Merah,740,360
639,Kelabu,760,360
640,Merah,780,360
641,Kelabu,800,360
642,Merah,820,360
643,Kelabu,840,360
644,Merah,860,360
645,Kelabu,880,360
646,Merah,900,360
647,Kelabu,920,360
648,Merah,940,360
649,Kelabu,960,360
650,Merah,980,360
651,Kelabu,0,390
652,Merah,20,390
653,Kelabu,40,390
654,Merah,60,390
655,Kelabu,80,390
656,Merah,100,390
657,Kelabu,120,390
658,Merah,140,390
659,Kelabu,160,390
660,Merah,180,390
661,Kelabu,200,390
662,Merah,220,390
663,Kelabu,240,390
664,Merah,260,390
665,Kelabu,280,390
666,Merah,300,390
667,Kelabu,320,390
668,Merah,340,390
669,Kelabu,360,390
670,Merah,380,390
671,Kelabu,400,390
672,Merah,420,390
673,Kelabu,440,390
674,Merah,460,390
675,Kelabu,480,390
676,Merah,500,390
677,Kelabu,520,390
678,Merah,540,390
679,Kelabu,560,390
680,Merah,580,390
681,Kelabu,600,390
682,Merah,620,390
683,Kelabu,640,390
684,Merah,660,390
685,Kelabu,680,390
686,Merah,700,390
687,Kelabu,720,390
688,Merah,740,390
689,Kelabu,760,390
690,Merah,780,390
691,Kelabu,800,390
692,Merah,820,390
693,Kelabu,840,390
694,Merah,860,390
695,Kelabu,880,390
696,Merah,900,390
697,Kelabu,920,390
698,Merah,940,390
699,Kelabu,960,390
700,Merah,980,390
701,Kelabu,0,420
702,Merah,20,420
703,Kelabu,40,420
704,Merah,60,420
705,Kelabu,80,420
706,Merah,100,420
707,Kelabu,120,420
708,Merah,140,420
709,Kelabu,160,420
710,Merah,180,420
711,Kelabu,200,420
712,Merah,220,420
713,Kelabu,240,420
714,Merah,260,420
715,Kelabu,280,420
716,Merah,300,420
717,Kelabu,320,420
718,Merah,340,420
719,Kelabu,360,420
720,Merah,380,420
721,Kelabu,400,420
722,Merah,420,420
723,Kelabu,440,420
724,Merah,460,420
725,Kelabu,480,420
726,Merah,500,420
727,Kelabu,520,420
728,Merah,540,420
729,Kelabu,560,420
730,Merah,580,420
731,Kelabu,600,420
732,Merah,620,420
733,Kelabu,640,420
734,Merah,660,420
735,Kelabu,680,420
736,Merah,700,420
737,Kelabu,720,420
738,Merah,740,420
739,Kelabu,760,420
740,Merah,780,420
741,Kelabu,800,420
742,Merah,820,420
743,Kelabu,840,420
744,Merah,860,420
745,Kelabu,880,420
746,Merah,900,420
747,Kelabu,920,420
748,Merah,940,420
749,Kelabu,960,420
750,Merah,980,420
751,Kelabu,0,450
752,Merah,20,450
753,Kelabu,40,450
754,Merah,60,450
755,Kelabu,80,450
756,Merah,100,450
757,Kelabu,120,450
758,Merah,140,450
759,Kelabu,160,450
760,Merah,180,450
761,Kelabu,200,450
762,Merah,220,450
763,Kelabu,240,450
764,Merah,260,450
765,Kelabu,280,450
766,Merah,300,450
767,Kelabu,320,450
768,Merah,340,450
769,Kelabu,360,450
770,Merah,380,450
771,Kelabu,400,450
772,Merah,420,450
773,Kelabu,440,450
774,Merah,460,450
775,Kelabu,480,450
776,Merah,500,450
777,Kelabu,520,450
778,Merah,540,450
779,Kelabu,560,450
780,Merah,580,450
781,Kelabu,600,450
782,Merah,620,450
783,Kelabu,640,450
784,Merah,660,450
785,Kelabu,680,450
786,Merah,700,450
787,Kelabu,720,450
788,Merah,740,450
789,Kelabu,760,450
790,Merah,780,450
791,Kelabu,800,450
792,Merah,820,450
793,Kelabu,840,450
794,Merah,860,450
795,Kelabu,880,450
796,Merah,900,450
797,Kelabu,920,450
798,Merah,940,450
799,Kelabu,960,450
800,Merah,980,450
801,Kelabu,0,480
802,Merah,20,480
803,Kelabu,40,480
804,Merah,60,480
805,Kelabu,80,480
806,Merah,100,480
807,Kelabu,120,480
808,Merah,140,480
809,Kelabu,160,480
810,Merah,180,480
811,Kelabu,200,480
812,Merah,220,480
813,Kelabu,240,480
814,Merah,260,480
815,Kelabu,280,480
816,Merah,300,480
817,Kelabu,320,480
818,Merah,340,480
819,Kelabu,360,480
820,Merah,380,480
821,Kelabu,400,480
822,Merah,420,480
823,Kelabu,440,480
824,Merah,460,480
825,Kelabu,480,480
826,Merah,500,480
827,Kelabu,520,480
828,Merah,540,480
829,Kelabu,560,480
830,Merah,580,480
831,Kelabu,600,480
832,Merah,620,480
833,Kelabu,640,480
834,Merah,660,480
835,Kelabu,680,480
836,Merah,700,480
837,Kelabu,720,480
838,Merah,740,480
839,Kelabu,760,480
840,Merah,780,480
841,Kelabu,800,480
842,Merah,820,480
843,Kelabu,840,480
844,Merah,860,480
845,Kelabu,880,480
846,Merah,900,480
847,Kelabu,920,480
848,Merah,940,480
849,Kelabu,960,480
850,Merah,980,480
851,Kelabu,0,510
852,Merah,20,510
853,Kelabu,40,510
854,Merah,60,510
855,Kelabu,80,510
856,Merah,100,510
857,Kelabu,120,510
858,Merah,140,510
859,Kelabu,160,510
860,Merah,180,510
861,Kelabu,200,510
862,Merah,220,510
863,Kelabu,240,510
864,Merah,260,510
865,Kelabu,280,510
866,Merah,300,510
867,Kelabu,320,510
868,Merah,340,510
869,Kelabu,360,510
870,Merah,380,510
871,Kelabu,400,510
872,Merah,420,510
873,Kelabu,440,510
874,Merah,460,510
875,Kelabu,480,510
876,Merah,500,510
877,Kelabu,520,510
878,Merah,540,510
879,Kelabu,560,510
880,Merah,580,510
881,Kelabu,600,510
882,Merah,620,510
883,Kelabu,640,510
884,Merah,660,510
885,Kelabu,680,510
886,Merah,700,510
887,Kelabu,720,510
888,Merah,740,510
889,Kelabu,760,510
890,Merah,780,510
891,Kelabu,800,510
892,Merah,820,510
893,Kelabu,840,510
894,Merah,860,510
895,Kelabu,880,510
896,Merah,900,510
897,Kelabu,920,510
898,Merah,940,510
899,Kelabu,960,510
900,Merah,980,510
901,Kelabu,0,540
902,Merah,20,540
903,Kelabu,40,540
904,Merah,60,540
905,Kelabu,80,540
906,Merah,100,540
907,Kelabu,120,540
908,Merah,140,540
909,Kelabu,160,540
910,Merah,180,540
911,Kelabu,200,540
912,Merah,220,540
913,Kelabu,240,540
914,Merah,260,540
915,Kelabu,280,540
916,Merah,300,540
917,Kelabu,320,540
918,Merah,340,540
919,Kelabu,360,540
920,Merah,380,540
921,Kelabu,400,540
922,Merah,420,540
923,Kelabu,440,540
924,Merah,460,540
925,Kelabu,480,540
926,Merah,500,540
927,Kelabu,520,540
928,Merah,540,540
929,Kelabu,560,540
930,Merah,580,540
931,Kelabu,600,540
932,Merah,620,540
933,Kelabu,640,540
934,Merah,660,540
935,Kelabu,680,540
936,Merah,700,540
937,Kelabu,720,540
938,Merah,740,540
939,Kelabu,760,540
940,Merah,780,540
941,Kelabu,800,540
942,Merah,820,540
943,Kelabu,840,540
944,Merah,860,540
945,Kelabu,880,540
946,Merah,900,540
947,Kelabu,920,540
948,Merah,940,540
949,Kelabu,960,540
950,Merah,980,540
951,Kelabu,0,570
952,Merah,20,570
953,Kelabu,40,570
954,Merah,60,570
955,Kelabu,80,570
956,Merah,100,570
957,Kelabu,120,570
958,Merah,140,570
959,Kelabu,160,570
960,Merah,180,570
961,Kelabu,200,570
962,Merah,220,570
963,Kelabu,240,570
964,Merah,260,570
965,Kelabu,280,570
966,Merah,300,570
967,Kelabu,320,570
968,Merah,340,570
969,Kelabu,360,570
970,Merah,380,570
971,Kelabu,400,570
972,Merah,420,570
973,Kelabu,440,570
974,Merah,460,570
975,Kelabu,480,570
976,Merah,500,570
977,Kelabu,520,570
978,Merah,540,570
979,Kelabu,560,570
980,Merah,580,570
981,Kelabu,600,570
982,Merah,620,570
983,Kelabu,640,570
984,Merah,660,570
985,Kelabu,680,570
986,Merah,700,570
987,Kelabu,720,570
988,Merah,740,570
989,Kelabu,760,570
990,Merah,780,570
991,Kelabu,800,570
992,Merah,820,570
993,Kelabu,840,570
994,Merah,860,570
995,Kelabu,880,570
996,Merah,900,570
997,Kelabu,920,570
998,Merah,940,570
999,Kelabu,960,570
1000,Merah,980,570
1001,Kelabu,0,600
1002,Merah,20,600
1003,Kelabu,40,600
1004,Merah,60,600
1005,Kelabu,80,600
1006,Merah,100,600
1007,Kelabu,120,600
1008,Merah,140,600
1009,Kelabu,160,600
1010,Merah,180,600
1011,Kelabu,200,600
1012,Merah,220,600
1013,Kelabu,240,600
1014,Merah,260,600
1015,Kelabu,280,600
1016,Merah,300,600
1017,Kelabu,320,600
1018,Merah,340,600
1019,Kelabu,360,600
1020,Merah,380,600
1021,Kelabu,400,600
1022,Merah,420,600
1023,Kelabu,440,600
1024,Merah,460,600
1025,Kelabu,480,600
1026,Merah,500,600
1027,Kelabu,520,600
1028,Merah,540,600
1029,Kelabu,560,600
1030,Merah,580,600
1031,Kelabu,600,600
1032,Merah,620,600
1033,Kelabu,640,600
1034,Merah,660,600
1035,Kelabu,680,600
1036,Merah,700,600
1037,Kelabu,720,600
1038,Merah,740,600
1039,Kelabu,760,600
1040,Merah,780,600
1041,Kelabu,800,600
1042,Merah,820,600
1043,Kelabu,840,600
1044,Merah,860,600
1045,Kelabu,880,600
1046,Merah,900,600
1047,Kelabu,920,600
1048,Merah,940,600
1049,Kelabu,960,600
1050,Merah,980,600
1051,Kelabu,0,630
1052,Merah,20,630
1053,Kelabu,40,630
1054,Merah,60,630
1055,Kelabu,80,630
1056,Merah,100,630
1057,Kelabu,120,630
1058,Merah,140,630
1059,Kelabu,160,630
1060,Merah,180,630
1061,Kelabu,200,630
1062,Merah,220,630
1063,Kelabu,240,630
1064,Merah,260,630
1065,Kelabu,280,630
1066,Merah,300,630
1067,Kelabu,320,630
1068,Merah,340,630
1069,Kelabu,360,630
1070,Merah,380,630
1071,Kelabu,400,630
1072,Merah,420,630
1073,Kelabu,440,630
1074,Merah,460,630
1075,Kelabu,480,630
1076,Merah,500,630
1077,Kelabu,520,630
1078,Merah,540,630
1079,Kelabu,560,630
1080,Merah,580,630
1081,Kelabu,600,630
1082,Merah,620,630
1083,Kelabu,640,630
1084,Merah,660,630
1085,Kelabu,680,630
1086,Merah,700,630
1087,Kelabu,720,630
1088,Merah,740,630
1089,Kelabu,760,630
1090,Merah,780,630
1091,Kelabu,800,630
1092,Merah,820,630
1093,Kelabu,840,630
1094,Merah,860,630
1095,Kelabu,880,630
1096,Merah,900,630
1097,Kelabu,920,630
1098,Merah,940,630
1099,Kelabu,960,630
1100,Merah,980,630
1101,Kelabu,0,660
1102,Merah,20,660
1103,Kelabu,40,660
1104,Merah,60,660
1105,Kelabu,80,660
1106,Merah,100,660
1107,Kelabu,120,660
1108,Merah,140,660
1109,Kelabu,160,660
1110,Merah,180,660
1111,Kelabu,200,660
1112,Merah,220,660
1113,Kelabu,240,660
1114,Merah,260,660
1115,Kelabu,280,660
1116,Merah,300,660
1117,Kelabu,320,660
1118,Merah,340,660
1119,Kelabu,360,660
1120,Merah,380,660
1121,Kelabu,400,660
1122,Merah,420,660
1123,Kelabu,440,660
1124,Merah,460,660
1125,Kelabu,480,660
1126,Merah,500,660
1127,Kelabu,520,660
1128,Merah,540,660
1129,Kelabu,560,660
1130,Merah,580,660
1131,Kelabu,600,660
1132,Merah,620,660
1133,Kelabu,640,660
1134,Merah,660,660
1135,Kelabu,680,660
1136,Merah,700,660
1137,Kelabu,720,660
1138,Merah,740,660
1139,Kelabu,760,660
1140,Merah,780,660
1141,Kelabu,800,660
1142,Merah,820,660
1143,Kelabu,840,660
1144,Merah,860,660
1145,Kelabu,880,660
1146,Merah,900,660
1147,Kelabu,920,660
1148,Merah,940,660
1149,Kelabu,960,660
1150,Merah,980,660
1151,Kelabu,0,690
1152,Merah,20,690
1153,Kelabu,40,690
1154,Merah,60,690
1155,Kelabu,80,690
1156,Merah,100,690
1157,Kelabu,120,690
1158,Merah,140,690
1159,Kelabu,160,690
1160,Merah,180,690
1161,Kelabu,200,690
1162,Merah,220,690
1163,Kelabu,240,690
1164,Merah,260,690
1165,Kelabu,280,690
1166,Merah,300,690
1167,Kelabu,320,690
1168,Merah,340,690
1169,Kelabu,360,690
1170,Merah,380,690
1171,Kelabu,400,690
1172,Merah,420,690
1173,Kelabu,440,690
1174,Merah,460,690
1175,Kelabu,480,690
1176,Merah,500,690
1177,Kelabu,520,690
1178,Merah,540,690
1179,Kelabu,560,690
1180,Merah,580,690
1181,Kelabu,600,690
1182,Merah,620,690
1183,Kelabu,640,690
1184,Merah,660,690
1185,Kelabu,680,690
1186,Merah,700,690
1187,Kelabu,720,690
1188,Merah,740,690
1189,Kelabu,760,690
1190,Merah,780,690
1191,Kelabu,800,690
1192,Merah,820,690
1193,Kelabu,840,690
1194,Merah,860,690
1195,Kelabu,880,690
1196,Merah,900,690
1197,Kelabu,920,690
1198,Merah,940,690
1199,Kelabu,960,690
1200,Merah,980,690
1201,Kelabu,0,720
1202,Merah,20,720
1203,Kelabu,40,720
1204,Merah,60,720
1205,Kelabu,80,720
1206,Merah,100,720
1207,Kelabu,120,720
1208,Merah,140,720
1209,Kelabu,160,720
1210,Merah,180,720
1211,Kelabu,200,720
1212,Merah,220,720
1213,Kelabu,240,720
1214,Merah,260,720
1215,Kelabu,280,720
1216,Merah,300,720
1217,Kelabu,320,720
1218,Merah,340,720
1219,Kelabu,360,720
1220,Merah,380,720
1221,Kelabu,400,720
1222,Merah,420,720
1223,Kelabu,440,720
1224,Merah,460,720
1225,Kelabu,480,720
1226,Merah,500,720
1227,Kelabu,520,720
1228,Merah,540,720
1229,Kelabu,560,720
1230,Merah,580,720
1231,Kelabu,600,720
1232,Merah,620,720
1233,Kelabu,640,720
1234,Merah,660,720
1235,Kelabu,680,720
1236,Merah,700,720
1237,Kelabu,720,720
1238,Merah,740,720
1239,Kelabu,760,720
1240,Merah,780,720
1241,Kelabu,800,720
1242,Merah,820,720
1243,Kelabu,840,720
1244,Merah,860,720
1245,Kelabu,880,720
1246,Merah,900,720
1247,Kelabu,920,720
1248,Merah,940,720
1249,Kelabu,960,720
1250,Merah,980,720
1251,Kelabu,0,750
1252,Merah,20,750
1253,Kelabu,40,750
1254,Merah,60,750
1255,Kelabu,80,750
1256,Merah,100,750
1257,Kelabu,120,750
1258,Merah,140,750
1259,Kelabu,160,750
1260,Merah,180,750
1261,Kelabu,200,750
1262,Merah,220,750
1263,Kelabu,240,750
1264,Merah,260,750
1265,Kelabu,280,750
1266,Merah,300,750
1267,Kelabu,320,750
1268,Merah,340,750
1269,Kelabu,360,750
1270,Merah,380,750
1271,Kelabu,400,750
1272,Merah,420,750
1273,Kelabu,440,750
1274,Merah,460,750
1275,Kelabu,480,750
1276,Merah,500,750
1277,Kelabu,520,750
1278,Merah,540,750
1279,Kelabu,560,750
1280,Merah,580,750
1281,Kelabu,600,750
1282,Merah,620,750
1283,Kelabu,640,750
1284,Merah,660,750
1285,Kelabu,680,750
1286,Merah,700,750
1287,Kelabu,720,750
1288,Merah,740,750
1289,Kelabu,760,750
1290,Merah,780,750
1291,Kelabu,800,750
1292,Merah,820,750
1293,Kelabu,840,750
1294,Merah,860,750
1295,Kelabu,880,750
1296,Merah,900,750
1297,Kelabu,920,750
1298,Merah,940,750
1299,Kelabu,960,750
1300,Merah,980,750
1301,Kelabu,0,780
1302,Merah,20,780
1303,Kelabu,40,780
1304,Merah,60,780
1305,Kelabu,80,780
1306,Merah,100,780
1307,Kelabu,120,780
1308,Merah,140,780
1309,Kelabu,160,780
1310,Merah,180,780
1311,Kelabu,200,780
1312,Merah,220,780
1313,Kelabu,240,780
1314,Merah,260,780
1315,Kelabu,280,780
1316,Merah,300,780
1317,Kelabu,320,780
1318,Merah,340,780
1319,Kelabu,360,780
1320,Merah,380,780
1321,Kelabu,400,780
1322,Merah,420,780
1323,Kelabu,440,780
1324,Merah,460,780
1325,Kelabu,480,780
1326,Merah,500,780
1327,Kelabu,520,780
1328,Merah,540,780
1329,Kelabu,560,780
1330,Merah,580,780
1331,Kelabu,600,780
1332,Merah,620,780
1333,Kelabu,640,780
1334,Merah,660,780
1335,Kelabu,680,780
1336,Merah,700,780
1337,Kelabu,720,780
1338,Merah,740,780
1339,Kelabu,760,780
1340,Merah,780,780
1341,Kelabu,800,780
1342,Merah,820,780
1343,Kelabu,840,780
1344,Merah,860,780
1345,Kelabu,880,780
1346,Merah,900,780
1347,Kelabu,920,780
1348,Merah,940,780
1349,Kelabu,960,780
